mata_kuliah,jurusan,mean_gp,std_gp,median_gp,pct_a_or_above,pct_below_b,pct_fail,iqr_gp,mean_ips_takers,sample_count,difficulty_cluster,difficulty_rank,difficulty_label,difficulty_score
Agama,Akuntansi,3.760869565217391,0.42183487768512046,4.0,0.8260869565217391,0.08695652173913043,0.0,0.2999999999999998,3.760869565217391,23,1,0,sangat_mudah,0.0
Agama,Biologi,3.7411764705882353,0.35365736159701916,4.0,0.7058823529411765,0.0,0.0,0.7000000000000002,3.7411764705882353,17,0,1,mudah,0.25
Agama,Farmasi,3.7818181818181817,0.33209048602615954,4.0,0.8181818181818182,0.0,0.0,0.2999999999999998,3.7818181818181817,33,1,0,sangat_mudah,0.0
Agama,Hukum,3.7866666666666666,0.3401149231062058,4.0,0.7666666666666667,0.0,0.0,0.2999999999999998,3.7866666666666666,30,1,0,sangat_mudah,0.0
Agama,Ilmu Komunikasi,3.835,0.2769337604776776,4.0,0.85,0.0,0.0,0.2999999999999998,3.835,40,1,0,sangat_mudah,0.0
Agama,Kedokteran,3.7239999999999998,0.3345145736735547,3.7,0.76,0.0,0.0,0.2999999999999998,3.7239999999999998,25,1,0,sangat_mudah,0.0
Agama,Manajemen,3.815625,0.25916662344846303,4.0,0.84375,0.0,0.0,0.2999999999999998,3.815625,32,1,0,sangat_mudah,0.0
Agama,Sistem Informasi,3.791891891891892,0.2649720932668387,4.0,0.8648648648648649,0.0,0.0,0.2999999999999998,3.791891891891892,37,1,0,sangat_mudah,0.0
Agama,Teknik Elektro,3.8400000000000003,0.19882004869908335,4.0,0.9428571428571428,0.0,0.0,0.2999999999999998,3.8400000000000003,35,1,0,sangat_mudah,0.0
Agama,Teknik Informatika,3.7700000000000005,0.38946657177005034,4.0,0.8,0.05,0.0,0.2999999999999998,3.7700000000000005,20,1,0,sangat_mudah,0.0
Agama,Teknik Mesin,3.891666666666667,0.21450988964060183,4.0,0.9166666666666666,0.0,0.0,0.07500000000000018,3.891666666666667,24,1,0,sangat_mudah,0.0
Agama,Teknik Sipil,3.8818181818181823,0.2217599810098504,4.0,0.9090909090909091,0.0,0.0,0.22499999999999964,3.8818181818181823,22,1,0,sangat_mudah,0.0
Akuntansi Keuangan,Akuntansi,3.0666666666666664,0.6651497894641797,3.15,0.3333333333333333,0.25,0.0,0.7750000000000004,3.0666666666666664,12,2,4,sangat_sulit,1.0
Akuntansi Keuangan,Manajemen,3.35,0.4702699715629801,3.3,0.35714285714285715,0.14285714285714285,0.0,0.40000000000000036,3.35,14,3,3,sulit,0.75
Algoritma dan Pemrograman,Sistem Informasi,3.4375,0.48010415536631207,3.3,0.4375,0.125,0.0,1.0,3.4375,16,3,3,sulit,0.75
Algoritma dan Pemrograman,Teknik Informatika,3.3,0.5398412465054623,3.15,0.375,0.25,0.0,0.8500000000000005,3.3,8,3,3,sulit,0.75
Aljabar Linear,Akuntansi,3.3272727272727276,0.5623004696617443,3.3,0.36363636363636365,0.18181818181818182,0.0,0.8500000000000001,3.3272727272727276,11,3,3,sulit,0.75
Aljabar Linear,Biologi,3.5100000000000002,0.562632700396587,3.7,0.7,0.1,0.0,0.75,3.5100000000000002,10,0,1,mudah,0.25
Aljabar Linear,Manajemen,3.275,0.626631204670392,3.3,0.3125,0.1875,0.0,0.5500000000000007,3.275,16,3,3,sulit,0.75
Aljabar Linear,Sistem Informasi,3.21,0.6155015071168859,3.15,0.4,0.35,0.0,1.0,3.21,20,2,4,sangat_sulit,1.0
Aljabar Linear,Teknik Elektro,3.388888888888889,0.4457497172825983,3.3,0.3888888888888889,0.1111111111111111,0.0,0.7000000000000002,3.388888888888889,18,3,3,sulit,0.75
Aljabar Linear,Teknik Informatika,3.2125,0.5718079098038833,3.15,0.375,0.25,0.0,0.7750000000000004,3.2125,8,3,3,sulit,0.75
Aljabar Linear,Teknik Mesin,3.5,0.5830951894845302,3.7,0.5833333333333334,0.16666666666666666,0.0,0.7750000000000004,3.5,12,4,2,medium,0.5
Aljabar Linear,Teknik Sipil,3.5083333333333333,0.566421515598881,3.7,0.6666666666666666,0.16666666666666666,0.0,0.7750000000000004,3.5083333333333333,12,4,2,medium,0.5
Anatomi,Farmasi,3.066666666666667,0.7600309591217514,3.15,0.3333333333333333,0.4444444444444444,0.0,1.625,3.066666666666667,18,2,4,sangat_sulit,1.0
Anatomi,Kedokteran,3.3153846153846156,0.5413657941511664,3.3,0.46153846153846156,0.23076923076923078,0.0,0.7000000000000002,3.3153846153846156,13,3,3,sulit,0.75
Bahasa Indonesia,Akuntansi,3.7758620689655173,0.38420155834981157,4.0,0.8620689655172413,0.034482758620689655,0.0,0.2999999999999998,3.7758620689655173,29,1,0,sangat_mudah,0.0
Bahasa Indonesia,Biologi,3.8055555555555554,0.2338230155788328,3.85,0.8888888888888888,0.0,0.0,0.2999999999999998,3.8055555555555554,18,1,0,sangat_mudah,0.0
Bahasa Indonesia,Farmasi,3.789473684210526,0.32780141787221223,4.0,0.868421052631579,0.02631578947368421,0.0,0.2999999999999998,3.789473684210526,38,1,0,sangat_mudah,0.0
Bahasa Indonesia,Hukum,3.86551724137931,0.2881912337183735,4.0,0.896551724137931,0.0,0.0,0.0,3.86551724137931,29,1,0,sangat_mudah,0.0
Bahasa Indonesia,Ilmu Komunikasi,3.7578947368421054,0.3374239285218493,4.0,0.7894736842105263,0.02631578947368421,0.0,0.2999999999999998,3.7578947368421054,38,1,0,sangat_mudah,0.0
Bahasa Indonesia,Kedokteran,3.782608695652174,0.25163496995204543,3.7,0.9130434782608695,0.0,0.0,0.2999999999999998,3.782608695652174,23,1,0,sangat_mudah,0.0
Bahasa Indonesia,Manajemen,3.81,0.2550861923296542,4.0,0.9,0.0,0.0,0.2999999999999998,3.81,30,1,0,sangat_mudah,0.0
Bahasa Indonesia,Sistem Informasi,3.8,0.24791816116240123,4.0,0.8571428571428571,0.0,0.0,0.2999999999999998,3.8,42,1,0,sangat_mudah,0.0
Bahasa Indonesia,Teknik Elektro,3.688888888888889,0.33532736906558114,3.7,0.6388888888888888,0.0,0.0,0.7000000000000002,3.688888888888889,36,0,1,mudah,0.25
Bahasa Indonesia,Teknik Informatika,3.8210526315789473,0.24850429767895818,4.0,0.9473684210526315,0.0,0.0,0.2999999999999998,3.8210526315789473,19,1,0,sangat_mudah,0.0
Bahasa Indonesia,Teknik Mesin,3.7916666666666665,0.28424830949237917,4.0,0.7916666666666666,0.0,0.0,0.2999999999999998,3.7916666666666665,24,1,0,sangat_mudah,0.0
Bahasa Indonesia,Teknik Sipil,3.7708333333333335,0.2561914478881263,3.7,0.8333333333333334,0.0,0.0,0.2999999999999998,3.7708333333333335,24,1,0,sangat_mudah,0.0
Bahasa Inggris,Akuntansi,3.7304347826086954,0.44866953075296634,4.0,0.8260869565217391,0.08695652173913043,0.0,0.2999999999999998,3.7304347826086954,23,1,0,sangat_mudah,0.0
Bahasa Inggris,Biologi,3.672222222222222,0.4141689844887209,3.85,0.7222222222222222,0.0,0.0,0.6000000000000001,3.672222222222222,18,0,1,mudah,0.25
Bahasa Inggris,Farmasi,3.7625,0.33103373443401996,4.0,0.8,0.025,0.0,0.2999999999999998,3.7625,40,1,0,sangat_mudah,0.0
Bahasa Inggris,Hukum,3.779310344827586,0.2968637377951945,4.0,0.7586206896551724,0.0,0.0,0.2999999999999998,3.779310344827586,29,1,0,sangat_mudah,0.0
Bahasa Inggris,Ilmu Komunikasi,3.755813953488372,0.3640397189092442,4.0,0.7906976744186046,0.046511627906976744,0.0,0.2999999999999998,3.755813953488372,43,1,0,sangat_mudah,0.0
Bahasa Inggris,Kedokteran,3.7416666666666667,0.3006032582002059,3.7,0.7916666666666666,0.0,0.0,0.2999999999999998,3.7416666666666667,24,1,0,sangat_mudah,0.0
Bahasa Inggris,Manajemen,3.8241379310344827,0.22937052434526908,4.0,0.896551724137931,0.0,0.0,0.2999999999999998,3.8241379310344827,29,1,0,sangat_mudah,0.0
Bahasa Inggris,Sistem Informasi,3.7447368421052634,0.2956416461364987,3.85,0.7368421052631579,0.0,0.0,0.6000000000000001,3.7447368421052634,38,1,0,sangat_mudah,0.0
Bahasa Inggris,Teknik Elektro,3.7535714285714286,0.35011336032685914,4.0,0.7857142857142857,0.0,0.0,0.2999999999999998,3.7535714285714286,28,1,0,sangat_mudah,0.0
Bahasa Inggris,Teknik Informatika,3.7235294117647055,0.3072649747463618,3.7,0.7058823529411765,0.0,0.0,0.7000000000000002,3.7235294117647055,17,0,1,mudah,0.25
Bahasa Inggris,Teknik Mesin,3.7629629629629626,0.3607131271716627,4.0,0.7407407407407407,0.037037037037037035,0.0,0.5,3.7629629629629626,27,1,0,sangat_mudah,0.0
Bahasa Inggris,Teknik Sipil,3.8249999999999997,0.278583372892522,4.0,0.875,0.0,0.0,0.2999999999999998,3.8249999999999997,24,1,0,sangat_mudah,0.0
Basis Data,Sistem Informasi,3.5416666666666665,0.5770364065574665,3.7,0.5833333333333334,0.08333333333333333,0.0,0.7000000000000002,3.5416666666666665,24,0,1,mudah,0.25
Basis Data,Teknik Informatika,3.5700000000000003,0.557872944515346,3.7,0.7,0.1,0.0,0.6000000000000001,3.5700000000000003,10,0,1,mudah,0.25
Biokimia,Farmasi,3.0045454545454544,0.8774841052568162,3.15,0.36363636363636365,0.4090909090909091,0.0,1.625,3.0045454545454544,22,2,4,sangat_sulit,1.0
Biokimia,Kedokteran,2.7545454545454544,0.6758160050836861,2.7,0.18181818181818182,0.6363636363636364,0.0,0.8500000000000001,2.7545454545454544,11,2,4,sangat_sulit,1.0
Etika Profesi,Akuntansi,3.5833333333333335,0.38807996676723827,3.7,0.5833333333333334,0.0,0.0,0.7000000000000002,3.5833333333333335,12,0,1,mudah,0.25
Etika Profesi,Biologi,3.6,0.4516635916254486,3.65,0.5,0.0,0.0,0.7000000000000002,3.6,6,0,1,mudah,0.25
Etika Profesi,Farmasi,3.753333333333333,0.30674947122242624,4.0,0.7333333333333333,0.0,0.0,0.5,3.753333333333333,15,1,0,sangat_mudah,0.0
Etika Profesi,Hukum,3.5470588235294116,0.48491964161449413,3.7,0.5294117647058824,0.058823529411764705,0.0,1.0,3.5470588235294116,17,0,1,mudah,0.25
Etika Profesi,Ilmu Komunikasi,3.7952380952380955,0.37346511279661787,4.0,0.8095238095238095,0.0,0.0,0.2999999999999998,3.7952380952380955,21,1,0,sangat_mudah,0.0
Etika Profesi,Kedokteran,3.9181818181818184,0.14012980994907404,4.0,1.0,0.0,0.0,0.1499999999999999,3.9181818181818184,11,1,0,sangat_mudah,0.0
Etika Profesi,Manajemen,3.7210526315789476,0.3614460884472278,4.0,0.7368421052631579,0.0,0.0,0.5,3.7210526315789476,19,1,0,sangat_mudah,0.0
Etika Profesi,Sistem Informasi,3.75,0.33007176253210857,4.0,0.75,0.0,0.0,0.3999999999999999,3.75,20,1,0,sangat_mudah,0.0
Etika Profesi,Teknik Elektro,3.8058823529411767,0.3171564839225547,4.0,0.8235294117647058,0.0,0.0,0.2999999999999998,3.8058823529411767,17,1,0,sangat_mudah,0.0
Etika Profesi,Teknik Informatika,3.8818181818181823,0.22723636072680722,4.0,0.9090909090909091,0.0,0.0,0.1499999999999999,3.8818181818181823,11,1,0,sangat_mudah,0.0
Etika Profesi,Teknik Mesin,3.876923076923077,0.2166173513896727,4.0,0.9230769230769231,0.0,0.0,0.2999999999999998,3.876923076923077,13,1,0,sangat_mudah,0.0
Etika Profesi,Teknik Sipil,3.855555555555556,0.2455153310442706,4.0,0.8888888888888888,0.0,0.0,0.2999999999999998,3.855555555555556,9,1,0,sangat_mudah,0.0
Farmakologi,Farmasi,3.2409090909090907,0.6276631572436278,3.3,0.4090909090909091,0.3181818181818182,0.0,1.0,3.2409090909090907,22,2,4,sangat_sulit,1.0
Farmakologi,Kedokteran,3.3636363636363638,0.5731888471921401,3.3,0.45454545454545453,0.18181818181818182,0.0,0.8500000000000001,3.3636363636363638,11,3,3,sulit,0.75
Fisika,Sistem Informasi,3.7,0.3854496446637726,3.85,0.7272727272727273,0.045454545454545456,0.0,0.6000000000000001,3.7,22,0,1,mudah,0.25
Fisika,Teknik Elektro,3.4368421052631577,0.44498505132917976,3.7,0.5789473684210527,0.10526315789473684,0.0,0.7000000000000002,3.4368421052631577,19,0,1,mudah,0.25
Fisika,Teknik Informatika,3.5818181818181816,0.5844966754707538,3.7,0.7272727272727273,0.09090909090909091,0.0,0.5,3.5818181818181816,11,0,1,mudah,0.25
Fisika,Teknik Mesin,3.6538461538461537,0.350274617539307,3.7,0.7692307692307693,0.0,0.0,0.2999999999999998,3.6538461538461537,13,1,0,sangat_mudah,0.0
Fisika,Teknik Sipil,3.1399999999999997,0.5910442735813735,3.15,0.3,0.3,0.0,0.8249999999999997,3.1399999999999997,10,2,4,sangat_sulit,1.0
Fisika Dasar I,Sistem Informasi,3.547368421052632,0.5178678735960786,3.7,0.5789473684210527,0.15789473684210525,0.0,0.8500000000000001,3.547368421052632,19,0,1,mudah,0.25
Fisika Dasar I,Teknik Elektro,3.447058823529412,0.5756709640267863,3.3,0.47058823529411764,0.17647058823529413,0.0,0.7000000000000002,3.447058823529412,17,3,3,sulit,0.75
Fisika Dasar I,Teknik Informatika,3.7777777777777777,0.37675515184857716,4.0,0.7777777777777778,0.0,0.0,0.2999999999999998,3.7777777777777777,9,1,0,sangat_mudah,0.0
Fisika Dasar I,Teknik Mesin,3.7363636363636363,0.32946237197205763,3.7,0.8181818181818182,0.0,0.0,0.2999999999999998,3.7363636363636363,11,1,0,sangat_mudah,0.0
Fisika Dasar I,Teknik Sipil,3.6636363636363636,0.5296654175472045,4.0,0.7272727272727273,0.09090909090909091,0.0,0.5,3.6636363636363636,11,0,1,mudah,0.25
Fisika Dasar II,Sistem Informasi,3.35,0.6292474719475486,3.3,0.45454545454545453,0.13636363636363635,0.0,1.0,3.35,22,4,2,medium,0.5
Fisika Dasar II,Teknik Elektro,3.2666666666666666,0.5765248931147314,3.3,0.4,0.2,0.0,0.7000000000000002,3.2666666666666666,15,3,3,sulit,0.75
Fisika Dasar II,Teknik Informatika,3.233333333333333,0.6062177826491071,3.3,0.2222222222222222,0.2222222222222222,0.0,0.0,3.233333333333333,9,3,3,sulit,0.75
Fisika Dasar II,Teknik Mesin,3.358333333333333,0.546822778891984,3.3,0.4166666666666667,0.16666666666666666,0.0,0.7750000000000004,3.358333333333333,12,3,3,sulit,0.75
Fisika Dasar II,Teknik Sipil,3.2399999999999998,0.7290785661062568,3.15,0.4,0.2,0.0,0.9249999999999998,3.2399999999999998,10,2,4,sangat_sulit,1.0
Fisiologi,Farmasi,3.331578947368421,0.7265234045162904,3.3,0.42105263157894735,0.21052631578947367,0.0,0.8500000000000001,3.331578947368421,19,4,2,medium,0.5
Fisiologi,Kedokteran,3.2,0.6271629240742259,3.3,0.3,0.3,0.0,0.8249999999999997,3.2,10,2,4,sangat_sulit,1.0
Genetika,Biologi,3.8000000000000003,0.17320508075688767,3.7,1.0,0.0,0.0,0.1499999999999999,3.8000000000000003,3,1,0,sangat_mudah,0.0
Genetika,Farmasi,3.275,0.6475595210738031,3.3,0.4375,0.3125,0.0,1.0750000000000002,3.275,16,2,4,sangat_sulit,1.0
Genetika,Kedokteran,3.3615384615384616,0.5091470997960896,3.3,0.46153846153846156,0.15384615384615385,0.0,0.7000000000000002,3.3615384615384616,13,3,3,sulit,0.75
Grafika Komputer,Sistem Informasi,3.3111111111111113,0.5166508536479576,3.3,0.3333333333333333,0.2222222222222222,0.0,0.7000000000000002,3.3111111111111113,18,3,3,sulit,0.75
Grafika Komputer,Teknik Informatika,3.2363636363636363,0.5572660536453433,3.3,0.36363636363636365,0.18181818181818182,0.0,0.7000000000000002,3.2363636363636363,11,3,3,sulit,0.75
Hukum Perdata,Hukum,3.56,0.4322697570466189,3.7,0.6,0.06666666666666667,0.0,0.7000000000000002,3.56,15,0,1,mudah,0.25
Hukum Pidana,Hukum,3.26875,0.5186119294167204,3.3,0.3125,0.1875,0.0,0.7000000000000002,3.26875,16,3,3,sulit,0.75
Jaringan Komputer,Sistem Informasi,3.452631578947368,0.45991354387129907,3.3,0.42105263157894735,0.10526315789473684,0.0,0.8500000000000001,3.452631578947368,19,3,3,sulit,0.75
Jaringan Komputer,Teknik Informatika,3.6375,0.5604526232048012,3.7,0.875,0.125,0.0,0.2999999999999998,3.6375,8,0,1,mudah,0.25
Kalkulus I,Akuntansi,3.34,0.6310485101972924,3.5,0.5,0.3,0.0,1.1499999999999995,3.34,10,4,2,medium,0.5
Kalkulus I,Biologi,3.066666666666667,0.5099019513592785,3.3,0.1111111111111111,0.4444444444444444,0.0,0.5999999999999996,3.066666666666667,9,2,4,sangat_sulit,1.0
Kalkulus I,Manajemen,3.457142857142857,0.569364403678193,3.7,0.5714285714285714,0.14285714285714285,0.0,1.0,3.457142857142857,14,4,2,medium,0.5
Kalkulus I,Sistem Informasi,3.5090909090909093,0.5344414894333201,3.5,0.5,0.13636363636363635,0.0,0.7000000000000002,3.5090909090909093,22,4,2,medium,0.5
Kalkulus I,Teknik Elektro,3.34375,0.629252201691288,3.5,0.5,0.25,0.0,1.0750000000000002,3.34375,16,4,2,medium,0.5
Kalkulus I,Teknik Informatika,3.3899999999999997,0.5065131346328106,3.3,0.4,0.1,0.0,0.40000000000000036,3.3899999999999997,10,3,3,sulit,0.75
Kalkulus I,Teknik Mesin,3.4785714285714286,0.6459085091542007,3.7,0.6428571428571429,0.14285714285714285,0.0,0.7000000000000002,3.4785714285714286,14,4,2,medium,0.5
Kalkulus I,Teknik Sipil,3.5700000000000003,0.3945461527713414,3.7,0.6,0.0,0.0,0.625,3.5700000000000003,10,0,1,mudah,0.25
Kalkulus II,Akuntansi,3.309090909090909,0.6410219114110616,3.3,0.45454545454545453,0.18181818181818182,0.0,0.8500000000000001,3.309090909090909,11,4,2,medium,0.5
Kalkulus II,Biologi,3.022222222222222,0.7529571332051013,3.0,0.3333333333333333,0.4444444444444444,0.0,1.4000000000000004,3.022222222222222,9,2,4,sangat_sulit,1.0
Kalkulus II,Manajemen,3.1,0.6538348415311009,3.0,0.29411764705882354,0.35294117647058826,0.0,1.0,3.1,17,2,4,sangat_sulit,1.0
Kalkulus II,Sistem Informasi,3.435,0.44517885229008336,3.5,0.5,0.1,0.0,0.40000000000000036,3.435,20,3,3,sulit,0.75
Kalkulus II,Teknik Elektro,3.0933333333333333,0.8084081948643331,3.3,0.4,0.4,0.0,1.2000000000000002,3.0933333333333333,15,2,4,sangat_sulit,1.0
Kalkulus II,Teknik Informatika,3.230769230769231,0.43279058712926316,3.0,0.23076923076923078,0.15384615384615385,0.0,0.2999999999999998,3.230769230769231,13,3,3,sulit,0.75
Kalkulus II,Teknik Mesin,3.1999999999999997,0.5791240069144219,3.15,0.35714285714285715,0.2857142857142857,0.0,0.9249999999999998,3.1999999999999997,14,2,4,sangat_sulit,1.0
Kalkulus II,Teknik Sipil,3.3,0.6182412330330469,3.3,0.4,0.2,0.0,0.625,3.3,10,3,3,sulit,0.75
Kalkulus III,Akuntansi,3.375,0.4807664335582961,3.5,0.5,0.16666666666666666,0.0,0.7000000000000002,3.375,12,3,3,sulit,0.75
Kalkulus III,Biologi,3.2600000000000002,0.7198765326236314,3.3,0.4,0.4,0.0,1.2999999999999998,3.2600000000000002,10,2,4,sangat_sulit,1.0
Kalkulus III,Manajemen,3.130769230769231,0.6956826568014751,3.3,0.3076923076923077,0.38461538461538464,0.0,1.0,3.130769230769231,13,2,4,sangat_sulit,1.0
Kalkulus III,Sistem Informasi,2.9785714285714286,0.7556745040319648,3.0,0.21428571428571427,0.35714285714285715,0.0,0.5999999999999996,2.9785714285714286,14,2,4,sangat_sulit,1.0
Kalkulus III,Teknik Elektro,2.9823529411764707,0.7064305469379555,3.0,0.29411764705882354,0.47058823529411764,0.0,1.4000000000000004,2.9823529411764707,17,2,4,sangat_sulit,1.0
Kalkulus III,Teknik Informatika,2.9777777777777774,0.5380004130522992,3.3,0.1111111111111111,0.3333333333333333,0.0,1.0,2.9777777777777774,9,2,4,sangat_sulit,1.0
Kalkulus III,Teknik Mesin,3.1153846153846154,0.6606135454335285,3.0,0.38461538461538464,0.3076923076923077,0.0,1.0,3.1153846153846154,13,2,4,sangat_sulit,1.0
Kalkulus III,Teknik Sipil,3.108333333333333,0.6082139774982506,3.15,0.3333333333333333,0.3333333333333333,0.0,1.1,3.108333333333333,12,2,4,sangat_sulit,1.0
Kecerdasan Buatan,Sistem Informasi,3.245,0.5306153329663094,3.3,0.35,0.2,0.0,0.7000000000000002,3.245,20,3,3,sulit,0.75
Kecerdasan Buatan,Teknik Informatika,3.25,0.7457285773732366,3.7,0.6,0.4,0.0,1.0,3.25,10,4,2,medium,0.5
Kerja Praktik,Akuntansi,3.775,0.3078517943308555,4.0,0.75,0.0,0.0,0.3999999999999999,3.775,12,1,0,sangat_mudah,0.0
Kerja Praktik,Biologi,3.69,0.34785054261852183,3.85,0.6,0.0,0.0,0.7000000000000002,3.69,10,0,1,mudah,0.25
Kerja Praktik,Farmasi,3.7904761904761903,0.2624971655175764,3.7,0.9047619047619048,0.0,0.0,0.2999999999999998,3.7904761904761903,21,1,0,sangat_mudah,0.0
Kerja Praktik,Hukum,3.925,0.13416407864998722,4.0,1.0,0.0,0.0,0.07500000000000018,3.925,16,1,0,sangat_mudah,0.0
Kerja Praktik,Ilmu Komunikasi,3.894444444444444,0.19545489090602206,4.0,0.9444444444444444,0.0,0.0,0.22499999999999964,3.894444444444444,18,1,0,sangat_mudah,0.0
Kerja Praktik,Kedokteran,3.9166666666666665,0.21248885888797825,4.0,0.9166666666666666,0.0,0.0,0.0,3.9166666666666665,12,1,0,sangat_mudah,0.0
Kerja Praktik,Manajemen,3.685714285714286,0.3676477052353724,3.85,0.6428571428571429,0.0,0.0,0.7000000000000002,3.685714285714286,14,0,1,mudah,0.25
Kerja Praktik,Sistem Informasi,3.672222222222222,0.34946270617411523,3.7,0.7222222222222222,0.0,0.0,0.6000000000000001,3.672222222222222,18,0,1,mudah,0.25
Kerja Praktik,Teknik Elektro,3.83125,0.28217902119044924,4.0,0.8125,0.0,0.0,0.2999999999999998,3.83125,16,1,0,sangat_mudah,0.0
Kerja Praktik,Teknik Informatika,3.7399999999999998,0.2716206504995116,3.7,0.8,0.0,0.0,0.2999999999999998,3.7399999999999998,10,1,0,sangat_mudah,0.0
Kerja Praktik,Teknik Mesin,3.753846153846154,0.3098800429612096,3.7,0.8461538461538461,0.0,0.0,0.2999999999999998,3.753846153846154,13,1,0,sangat_mudah,0.0
Kerja Praktik,Teknik Sipil,3.8083333333333336,0.3342789617107607,4.0,0.8333333333333334,0.0,0.0,0.2999999999999998,3.8083333333333336,12,1,0,sangat_mudah,0.0
Kewarganegaraan,Akuntansi,3.8347826086956522,0.2604344196847293,4.0,0.9130434782608695,0.0,0.0,0.2999999999999998,3.8347826086956522,23,1,0,sangat_mudah,0.0
Kewarganegaraan,Biologi,3.8473684210526313,0.27961962467417045,4.0,0.8947368421052632,0.0,0.0,0.2999999999999998,3.8473684210526313,19,1,0,sangat_mudah,0.0
Kewarganegaraan,Farmasi,3.8358974358974356,0.2814316589821815,4.0,0.8974358974358975,0.02564102564102564,0.0,0.2999999999999998,3.8358974358974356,39,1,0,sangat_mudah,0.0
Kewarganegaraan,Hukum,3.9099999999999997,0.13982747990981964,4.0,1.0,0.0,0.0,0.2999999999999998,3.9099999999999997,30,1,0,sangat_mudah,0.0
Kewarganegaraan,Ilmu Komunikasi,3.8736842105263154,0.23787824562989038,4.0,0.9210526315789473,0.0,0.0,0.2999999999999998,3.8736842105263154,38,1,0,sangat_mudah,0.0
Kewarganegaraan,Kedokteran,3.7960000000000003,0.2700000000000001,4.0,0.88,0.0,0.0,0.2999999999999998,3.7960000000000003,25,1,0,sangat_mudah,0.0
Kewarganegaraan,Manajemen,3.8481481481481485,0.21189687326689108,4.0,0.9259259259259259,0.0,0.0,0.2999999999999998,3.8481481481481485,27,1,0,sangat_mudah,0.0
Kewarganegaraan,Sistem Informasi,3.834285714285714,0.26115451493755365,4.0,0.8857142857142857,0.0,0.0,0.2999999999999998,3.834285714285714,35,1,0,sangat_mudah,0.0
Kewarganegaraan,Teknik Elektro,3.8,0.3009787954227303,4.0,0.8,0.0,0.0,0.2999999999999998,3.8,35,1,0,sangat_mudah,0.0
Kewarganegaraan,Teknik Informatika,3.9181818181818184,0.1367526917515655,4.0,1.0,0.0,0.0,0.22499999999999964,3.9181818181818184,22,1,0,sangat_mudah,0.0
Kewarganegaraan,Teknik Mesin,3.792307692307692,0.3071456682723387,4.0,0.8846153846153846,0.038461538461538464,0.0,0.2999999999999998,3.792307692307692,26,1,0,sangat_mudah,0.0
Kewarganegaraan,Teknik Sipil,3.79,0.37402504841535045,4.0,0.85,0.05,0.0,0.2999999999999998,3.79,20,1,0,sangat_mudah,0.0
Kewirausahaan,Akuntansi,3.6625,0.4209848701195391,4.0,0.625,0.041666666666666664,0.0,0.7000000000000002,3.6625,24,0,1,mudah,0.25
Kewirausahaan,Biologi,3.392857142857143,0.49994505192576427,3.5,0.5,0.21428571428571427,0.0,0.7000000000000002,3.392857142857143,14,4,2,medium,0.5
Kewirausahaan,Farmasi,3.65,0.3636730186804199,3.7,0.6875,0.03125,0.0,0.7000000000000002,3.65,32,0,1,mudah,0.25
Kewirausahaan,Hukum,3.787878787878788,0.314997594988414,4.0,0.8787878787878788,0.030303030303030304,0.0,0.2999999999999998,3.787878787878788,33,1,0,sangat_mudah,0.0
Kewirausahaan,Ilmu Komunikasi,3.6697674418604653,0.46112434214073833,4.0,0.7209302325581395,0.09302325581395349,0.0,0.7000000000000002,3.6697674418604653,43,0,1,mudah,0.25
Kewirausahaan,Kedokteran,3.814285714285714,0.3940630841448034,4.0,0.9047619047619048,0.047619047619047616,0.0,0.2999999999999998,3.814285714285714,21,1,0,sangat_mudah,0.0
Kewirausahaan,Manajemen,3.634375,0.41317759596383197,3.7,0.625,0.03125,0.0,0.7000000000000002,3.634375,32,0,1,mudah,0.25
Kewirausahaan,Sistem Informasi,3.728947368421052,0.43365691678949875,4.0,0.7631578947368421,0.07894736842105263,0.0,0.2999999999999998,3.728947368421052,38,1,0,sangat_mudah,0.0
Kewirausahaan,Teknik Elektro,3.770731707317073,0.33484616052675925,4.0,0.8292682926829268,0.024390243902439025,0.0,0.2999999999999998,3.770731707317073,41,1,0,sangat_mudah,0.0
Kewirausahaan,Teknik Informatika,3.710526315789474,0.25580968803238874,3.7,0.7894736842105263,0.0,0.0,0.2999999999999998,3.710526315789474,19,1,0,sangat_mudah,0.0
Kewirausahaan,Teknik Mesin,3.6875,0.43169282557412725,4.0,0.75,0.041666666666666664,0.0,0.3999999999999999,3.6875,24,1,0,sangat_mudah,0.0
Kewirausahaan,Teknik Sipil,3.7047619047619045,0.5142724866023757,4.0,0.8095238095238095,0.09523809523809523,0.0,0.2999999999999998,3.7047619047619045,21,1,0,sangat_mudah,0.0
Kimia Dasar,Biologi,3.4125,0.5718079098038833,3.5,0.5,0.125,0.0,0.5500000000000007,3.4125,8,3,3,sulit,0.75
Kimia Dasar,Farmasi,3.4299999999999997,0.5420234991992603,3.3,0.45,0.2,0.0,0.7750000000000004,3.4299999999999997,20,3,3,sulit,0.75
Kimia Dasar,Kedokteran,3.7,0.35496478698597705,3.7,0.7272727272727273,0.0,0.0,0.5,3.7,11,0,1,mudah,0.25
Kimia Dasar,Sistem Informasi,3.395238095238095,0.5687496729460074,3.7,0.6190476190476191,0.23809523809523808,0.0,0.7000000000000002,3.395238095238095,21,4,2,medium,0.5
Kimia Dasar,Teknik Elektro,3.2866666666666666,0.6759825300644839,3.3,0.4666666666666667,0.2,0.0,0.8500000000000001,3.2866666666666666,15,4,2,medium,0.5
Kimia Dasar,Teknik Informatika,3.4222222222222225,0.565194165260439,3.7,0.5555555555555556,0.2222222222222222,0.0,1.0,3.4222222222222225,9,4,2,medium,0.5
Kimia Dasar,Teknik Mesin,3.2363636363636363,0.5220588611885201,3.3,0.2727272727272727,0.18181818181818182,0.0,0.5,3.2363636363636363,11,3,3,sulit,0.75
Kimia Dasar,Teknik Sipil,3.6916666666666664,0.37040109300185614,3.85,0.6666666666666666,0.0,0.0,0.7000000000000002,3.6916666666666664,12,0,1,mudah,0.25
Kimia Organik,Biologi,3.6142857142857143,0.4913538149119955,4.0,0.5714285714285714,0.0,0.0,0.8500000000000001,3.6142857142857143,7,0,1,mudah,0.25
Kimia Organik,Farmasi,3.378947368421053,0.6023831812692177,3.7,0.5263157894736842,0.21052631578947367,0.0,0.5500000000000003,3.378947368421053,19,4,2,medium,0.5
Kimia Organik,Kedokteran,3.066666666666667,0.5338539126015657,3.3,0.2222222222222222,0.3333333333333333,0.0,0.5999999999999996,3.066666666666667,9,2,4,sangat_sulit,1.0
Kimia Organik,Sistem Informasi,3.380952380952381,0.568875247852328,3.3,0.42857142857142855,0.14285714285714285,0.0,1.0,3.380952380952381,21,4,2,medium,0.5
Kimia Organik,Teknik Elektro,3.238888888888889,0.7429186392702525,3.3,0.4444444444444444,0.2777777777777778,0.0,1.1499999999999995,3.238888888888889,18,2,4,sangat_sulit,1.0
Kimia Organik,Teknik Informatika,3.3428571428571425,0.6214422549122938,3.7,0.5714285714285714,0.2857142857142857,0.0,0.7000000000000002,3.3428571428571425,7,4,2,medium,0.5
Kimia Organik,Teknik Mesin,3.190909090909091,0.6347512039445776,3.3,0.36363636363636365,0.36363636363636365,0.0,1.0,3.190909090909091,11,2,4,sangat_sulit,1.0
Kimia Organik,Teknik Sipil,3.28,0.7254117604658904,3.5,0.5,0.3,0.0,0.8500000000000001,3.28,10,4,2,medium,0.5
Komunikasi Massa,Ilmu Komunikasi,3.6350000000000002,0.4081730799034826,3.7,0.65,0.0,0.0,0.7000000000000002,3.6350000000000002,20,0,1,mudah,0.25
Komunikasi Organisasi,Ilmu Komunikasi,3.6666666666666665,0.41444505773667134,3.85,0.6666666666666666,0.05555555555555555,0.0,0.7000000000000002,3.6666666666666665,18,0,1,mudah,0.25
Manajemen,Akuntansi,3.5749999999999997,0.38641710859922057,3.7,0.75,0.08333333333333333,0.0,0.10000000000000009,3.5749999999999997,12,1,0,sangat_mudah,0.0
Manajemen,Ilmu Komunikasi,3.552941176470588,0.4543094307006287,3.7,0.5882352941176471,0.11764705882352941,0.0,0.7000000000000002,3.552941176470588,17,0,1,mudah,0.25
Manajemen,Manajemen,3.5461538461538464,0.5591889731497821,3.7,0.6923076923076923,0.15384615384615385,0.0,0.7000000000000002,3.5461538461538464,13,0,1,mudah,0.25
Matematika Diskrit,Akuntansi,3.283333333333333,0.5859465277082315,3.3,0.4166666666666667,0.16666666666666666,0.0,0.7000000000000002,3.283333333333333,12,3,3,sulit,0.75
Matematika Diskrit,Biologi,3.2,0.5903993805649094,3.15,0.25,0.25,0.0,0.5499999999999998,3.2,8,3,3,sulit,0.75
Matematika Diskrit,Manajemen,3.5583333333333336,0.46015478291812223,3.7,0.5833333333333334,0.0,0.0,1.0,3.5583333333333336,12,0,1,mudah,0.25
Matematika Diskrit,Sistem Informasi,3.19375,0.5157114826463857,3.3,0.3125,0.25,0.0,0.7750000000000004,3.19375,16,3,3,sulit,0.75
Matematika Diskrit,Teknik Elektro,3.34375,0.6065956918189688,3.5,0.5,0.3125,0.0,1.2999999999999998,3.34375,16,4,2,medium,0.5
Matematika Diskrit,Teknik Informatika,3.3333333333333335,0.7549834435270749,3.7,0.5555555555555556,0.3333333333333333,0.0,1.2999999999999998,3.3333333333333335,9,4,2,medium,0.5
Matematika Diskrit,Teknik Mesin,3.284615384615385,0.5129102485590662,3.3,0.3076923076923077,0.3076923076923077,0.0,1.0,3.284615384615385,13,2,4,sangat_sulit,1.0
Matematika Diskrit,Teknik Sipil,3.1625,0.5396758286230725,3.3,0.25,0.125,0.0,0.3999999999999999,3.1625,8,3,3,sulit,0.75
Metodologi Penelitian,Akuntansi,3.608333333333333,0.574390322362975,4.0,0.6666666666666666,0.08333333333333333,0.0,0.7750000000000004,3.608333333333333,12,0,1,mudah,0.25
Metodologi Penelitian,Biologi,3.483333333333333,0.2994439290863427,3.3,0.3333333333333333,0.0,0.0,0.30000000000000027,3.483333333333333,6,3,3,sulit,0.75
Metodologi Penelitian,Farmasi,3.619047619047619,0.3614125725802129,3.7,0.6190476190476191,0.047619047619047616,0.0,0.7000000000000002,3.619047619047619,21,0,1,mudah,0.25
Metodologi Penelitian,Hukum,3.6666666666666665,0.48353854428527593,4.0,0.6666666666666666,0.13333333333333333,0.0,0.7000000000000002,3.6666666666666665,15,0,1,mudah,0.25
Metodologi Penelitian,Ilmu Komunikasi,3.6260869565217395,0.39682534663403907,3.7,0.6521739130434783,0.043478260869565216,0.0,0.7000000000000002,3.6260869565217395,23,0,1,mudah,0.25
Metodologi Penelitian,Kedokteran,3.6333333333333333,0.3725424523297699,3.7,0.5833333333333334,0.0,0.0,0.7000000000000002,3.6333333333333333,12,0,1,mudah,0.25
Metodologi Penelitian,Manajemen,3.5714285714285716,0.49213595905786267,3.7,0.6428571428571429,0.07142857142857142,0.0,0.7000000000000002,3.5714285714285716,14,0,1,mudah,0.25
Metodologi Penelitian,Sistem Informasi,3.7333333333333334,0.3483293460696835,4.0,0.7619047619047619,0.0,0.0,0.2999999999999998,3.7333333333333334,21,1,0,sangat_mudah,0.0
Metodologi Penelitian,Teknik Elektro,3.663157894736842,0.3774336237683087,3.7,0.631578947368421,0.0,0.0,0.7000000000000002,3.663157894736842,19,0,1,mudah,0.25
Metodologi Penelitian,Teknik Informatika,3.8299999999999996,0.2945806812704761,4.0,0.8,0.0,0.0,0.22499999999999964,3.8299999999999996,10,1,0,sangat_mudah,0.0
Metodologi Penelitian,Teknik Mesin,3.5285714285714285,0.4462296260008731,3.7,0.5714285714285714,0.14285714285714285,0.0,0.625,3.5285714285714285,14,0,1,mudah,0.25
Metodologi Penelitian,Teknik Sipil,3.75,0.3927922024247862,4.0,0.75,0.0,0.0,0.3999999999999999,3.75,8,1,0,sangat_mudah,0.0
Mikrobiologi,Biologi,3.3,0.5398412465054624,3.15,0.375,0.25,0.0,0.8500000000000005,3.3,8,3,3,sulit,0.75
Mikrobiologi,Farmasi,3.110526315789474,0.6208370128231953,3.0,0.3157894736842105,0.3157894736842105,0.0,1.0,3.110526315789474,19,2,4,sangat_sulit,1.0
Mikrobiologi,Kedokteran,3.4153846153846152,0.4336783636255366,3.3,0.46153846153846156,0.15384615384615385,0.0,0.40000000000000036,3.4153846153846152,13,3,3,sulit,0.75
Pancasila,Akuntansi,3.8285714285714287,0.25523098781859765,4.0,0.8571428571428571,0.0,0.0,0.2999999999999998,3.8285714285714287,21,1,0,sangat_mudah,0.0
Pancasila,Biologi,3.96,0.10555973258234956,4.0,1.0,0.0,0.0,0.0,3.96,15,1,0,sangat_mudah,0.0
Pancasila,Farmasi,3.830769230769231,0.2792413087313987,4.0,0.8461538461538461,0.0,0.0,0.2999999999999998,3.830769230769231,39,1,0,sangat_mudah,0.0
Pancasila,Hukum,3.9074074074074074,0.21648578906269303,4.0,0.9629629629629629,0.0,0.0,0.0,3.9074074074074074,27,1,0,sangat_mudah,0.0
Pancasila,Ilmu Komunikasi,3.8227272727272723,0.2843708979677662,4.0,0.7954545454545454,0.0,0.0,0.2999999999999998,3.8227272727272723,44,1,0,sangat_mudah,0.0
Pancasila,Kedokteran,3.8666666666666667,0.2180280529749738,4.0,0.9166666666666666,0.0,0.0,0.2999999999999998,3.8666666666666667,24,1,0,sangat_mudah,0.0
Pancasila,Manajemen,3.767741935483871,0.26880860201289886,3.7,0.8064516129032258,0.0,0.0,0.2999999999999998,3.767741935483871,31,1,0,sangat_mudah,0.0
Pancasila,Sistem Informasi,3.8095238095238093,0.23562011985968967,4.0,0.8809523809523809,0.0,0.0,0.2999999999999998,3.8095238095238093,42,1,0,sangat_mudah,0.0
Pancasila,Teknik Elektro,3.857142857142857,0.25354627641855515,4.0,0.8571428571428571,0.0,0.0,0.2999999999999998,3.857142857142857,35,1,0,sangat_mudah,0.0
Pancasila,Teknik Informatika,3.8388888888888886,0.23797896320495338,4.0,0.8888888888888888,0.0,0.0,0.2999999999999998,3.8388888888888886,18,1,0,sangat_mudah,0.0
Pancasila,Teknik Mesin,3.775,0.26760587292846644,3.85,0.8125,0.0,0.0,0.2999999999999998,3.775,32,1,0,sangat_mudah,0.0
Pancasila,Teknik Sipil,3.7318181818181815,0.3797071097273386,4.0,0.7727272727272727,0.045454545454545456,0.0,0.2999999999999998,3.7318181818181815,22,1,0,sangat_mudah,0.0
Pemasaran,Akuntansi,3.7700000000000005,0.2830390628713837,3.85,0.8,0.0,0.0,0.2999999999999998,3.7700000000000005,10,1,0,sangat_mudah,0.0
Pemasaran,Ilmu Komunikasi,3.6277777777777778,0.41416898448872086,3.7,0.6111111111111112,0.05555555555555555,0.0,0.7000000000000002,3.6277777777777778,18,0,1,mudah,0.25
Pemasaran,Manajemen,3.742857142857143,0.32983512364696516,3.85,0.7857142857142857,0.0,0.0,0.2999999999999998,3.742857142857143,14,1,0,sangat_mudah,0.0
Pembelajaran Mesin,Sistem Informasi,3.236842105263158,0.572723053409266,3.3,0.2631578947368421,0.15789473684210525,0.0,0.5,3.236842105263158,19,3,3,sulit,0.75
Pembelajaran Mesin,Teknik Informatika,3.1444444444444444,0.7125852775477316,3.3,0.3333333333333333,0.3333333333333333,0.0,1.0,3.1444444444444444,9,2,4,sangat_sulit,1.0
Pemrograman Berorientasi Objek,Sistem Informasi,3.21,0.6560648234980893,3.3,0.45,0.4,0.0,1.0,3.21,20,2,4,sangat_sulit,1.0
Pemrograman Berorientasi Objek,Teknik Informatika,3.108333333333333,0.593078767317145,3.3,0.25,0.3333333333333333,0.0,0.6999999999999997,3.108333333333333,12,2,4,sangat_sulit,1.0
Pemrograman Mobile,Sistem Informasi,3.5450000000000004,0.461661758159985,3.7,0.55,0.05,0.0,0.7000000000000002,3.5450000000000004,20,0,1,mudah,0.25
Pemrograman Mobile,Teknik Informatika,3.06,0.623965811029205,3.0,0.3,0.3,0.0,1.1250000000000004,3.06,10,2,4,sangat_sulit,1.0
Pemrograman Web,Sistem Informasi,3.580952380952381,0.46863530342799353,3.7,0.6666666666666666,0.14285714285714285,0.0,0.7000000000000002,3.580952380952381,21,0,1,mudah,0.25
Pemrograman Web,Teknik Informatika,3.4909090909090907,0.5735059641443068,3.7,0.5454545454545454,0.2727272727272727,0.0,1.0,3.4909090909090907,11,4,2,medium,0.5
Pengantar Ekonomi,Akuntansi,3.6,0.41633319989322665,3.7,0.6,0.0,0.0,0.7000000000000002,3.6,10,0,1,mudah,0.25
Pengantar Ekonomi,Manajemen,3.393333333333333,0.3881580434135904,3.3,0.3333333333333333,0.0,0.0,0.7000000000000002,3.393333333333333,15,3,3,sulit,0.75
Pengantar Ilmu Hukum,Hukum,3.646666666666667,0.4273952113286561,3.7,0.6666666666666666,0.06666666666666667,0.0,0.7000000000000002,3.646666666666667,15,0,1,mudah,0.25
Pengantar Matematika,Akuntansi,3.84,0.32041639575194447,4.0,0.9,0.0,0.0,0.22499999999999964,3.84,10,1,0,sangat_mudah,0.0
Pengantar Matematika,Biologi,3.675,0.3615443067098218,3.7,0.75,0.0,0.0,0.3999999999999999,3.675,8,1,0,sangat_mudah,0.0
Pengantar Matematika,Manajemen,3.75,0.23777817717036517,3.7,0.8571428571428571,0.0,0.0,0.2999999999999998,3.75,14,1,0,sangat_mudah,0.0
Pengantar Matematika,Sistem Informasi,3.8619047619047615,0.22688364964490165,4.0,0.9047619047619048,0.0,0.0,0.2999999999999998,3.8619047619047615,21,1,0,sangat_mudah,0.0
Pengantar Matematika,Teknik Elektro,3.7578947368421054,0.27752034855060476,3.7,0.7894736842105263,0.0,0.0,0.2999999999999998,3.7578947368421054,19,1,0,sangat_mudah,0.0
Pengantar Matematika,Teknik Informatika,3.727272727272727,0.366308364881036,4.0,0.7272727272727273,0.0,0.0,0.5,3.727272727272727,11,1,0,sangat_mudah,0.0
Pengantar Matematika,Teknik Mesin,3.858333333333333,0.27455197664338143,4.0,0.8333333333333334,0.0,0.0,0.07500000000000018,3.858333333333333,12,1,0,sangat_mudah,0.0
Pengantar Matematika,Teknik Sipil,3.6666666666666665,0.44440972086577946,4.0,0.6666666666666666,0.0,0.0,0.7000000000000002,3.6666666666666665,9,0,1,mudah,0.25
Perilaku Organisasi,Akuntansi,3.769230769230769,0.29547875102567417,4.0,0.7692307692307693,0.0,0.0,0.2999999999999998,3.769230769230769,13,1,0,sangat_mudah,0.0
Perilaku Organisasi,Ilmu Komunikasi,3.585,0.44399502130921287,3.7,0.6,0.1,0.0,0.7000000000000002,3.585,20,0,1,mudah,0.25
Perilaku Organisasi,Manajemen,3.48,0.46629236689932163,3.3,0.4666666666666667,0.06666666666666667,0.0,0.5500000000000003,3.48,15,3,3,sulit,0.75
Rekayasa Perangkat Lunak,Sistem Informasi,3.372727272727273,0.40258902379215716,3.3,0.3181818181818182,0.09090909090909091,0.0,0.625,3.372727272727273,22,3,3,sulit,0.75
Rekayasa Perangkat Lunak,Teknik Informatika,3.4,0.6253887679764574,3.7,0.6,0.2,0.0,0.40000000000000036,3.4,10,4,2,medium,0.5
Seminar,Akuntansi,3.9,0.14770978917519922,4.0,1.0,0.0,0.0,0.2999999999999998,3.9,12,1,0,sangat_mudah,0.0
Seminar,Biologi,3.78,0.31198290551460234,3.85,0.9,0.0,0.0,0.2999999999999998,3.78,10,1,0,sangat_mudah,0.0
Seminar,Farmasi,3.880952380952381,0.1913610399716922,4.0,0.9523809523809523,0.0,0.0,0.2999999999999998,3.880952380952381,21,1,0,sangat_mudah,0.0
Seminar,Hukum,3.7941176470588234,0.28607382839770173,4.0,0.8823529411764706,0.0,0.0,0.2999999999999998,3.7941176470588234,17,1,0,sangat_mudah,0.0
Seminar,Ilmu Komunikasi,3.7045454545454546,0.3578737110680149,3.7,0.7727272727272727,0.0,0.0,0.2999999999999998,3.7045454545454546,22,1,0,sangat_mudah,0.0
Seminar,Kedokteran,3.8299999999999996,0.2945806812704761,4.0,0.8,0.0,0.0,0.22499999999999964,3.8299999999999996,10,1,0,sangat_mudah,0.0
Seminar,Manajemen,3.8846153846153846,0.15191090506254987,4.0,1.0,0.0,0.0,0.2999999999999998,3.8846153846153846,13,1,0,sangat_mudah,0.0
Seminar,Sistem Informasi,3.875,0.24630604269214895,4.0,0.875,0.0,0.0,0.07500000000000018,3.875,16,1,0,sangat_mudah,0.0
Seminar,Teknik Elektro,3.7625,0.2305789814069502,3.7,0.875,0.0,0.0,0.2999999999999998,3.7625,16,1,0,sangat_mudah,0.0
Seminar,Teknik Informatika,3.8333333333333335,0.27413776673693685,4.0,0.8333333333333334,0.0,0.0,0.2999999999999998,3.8333333333333335,12,1,0,sangat_mudah,0.0
Seminar,Teknik Mesin,3.891666666666667,0.21933093855190738,4.0,0.9166666666666666,0.0,0.0,0.07500000000000018,3.891666666666667,12,1,0,sangat_mudah,0.0
Seminar,Teknik Sipil,3.8909090909090907,0.15135749373285382,4.0,1.0,0.0,0.0,0.2999999999999998,3.8909090909090907,11,1,0,sangat_mudah,0.0
Sistem Operasi,Sistem Informasi,3.165,0.6968160672508545,3.3,0.35,0.35,0.0,1.0750000000000002,3.165,20,2,4,sangat_sulit,1.0
Sistem Operasi,Teknik Informatika,3.3454545454545452,0.6330302305003077,3.7,0.5454545454545454,0.36363636363636365,0.0,1.15,3.3454545454545452,11,4,2,medium,0.5
Skripsi,Akuntansi,3.5923076923076924,0.5090211823711898,4.0,0.6153846153846154,0.07692307692307693,0.0,1.0,3.5923076923076924,13,0,1,mudah,0.25
Skripsi,Biologi,3.5454545454545454,0.5164564577263729,3.7,0.5454545454545454,0.18181818181818182,0.0,0.7000000000000002,3.5454545454545454,11,0,1,mudah,0.25
Skripsi,Farmasi,3.427777777777778,0.589920787858601,3.7,0.5555555555555556,0.16666666666666666,0.0,1.0,3.427777777777778,18,4,2,medium,0.5
Skripsi,Hukum,3.6866666666666665,0.47489347176373103,4.0,0.7333333333333333,0.06666666666666667,0.0,0.5,3.6866666666666665,15,0,1,mudah,0.25
Skripsi,Ilmu Komunikasi,3.4000000000000004,0.5059644256269407,3.3,0.47619047619047616,0.14285714285714285,0.0,0.7000000000000002,3.4000000000000004,21,3,3,sulit,0.75
Skripsi,Kedokteran,3.569230769230769,0.49562185750935717,3.7,0.6153846153846154,0.07692307692307693,0.0,1.0,3.569230769230769,13,0,1,mudah,0.25
Skripsi,Manajemen,3.28125,0.619912628252294,3.3,0.3125,0.125,0.0,0.7750000000000004,3.28125,16,3,3,sulit,0.75
Skripsi,Sistem Informasi,3.42,0.5972157622389639,3.7,0.56,0.24,0.0,1.0,3.42,25,4,2,medium,0.5
Skripsi,Teknik Elektro,3.44,0.621978410282176,3.7,0.5333333333333333,0.13333333333333333,0.0,0.7000000000000002,3.44,15,4,2,medium,0.5
Skripsi,Teknik Informatika,3.6999999999999997,0.6204836822995429,4.0,0.7777777777777778,0.1111111111111111,0.0,0.0,3.6999999999999997,9,1,0,sangat_mudah,0.0
Skripsi,Teknik Mesin,3.477777777777778,0.5696002496878355,3.7,0.5555555555555556,0.1111111111111111,0.0,0.7000000000000002,3.477777777777778,9,0,1,mudah,0.25
Skripsi,Teknik Sipil,3.5583333333333336,0.4166060561977059,3.7,0.5833333333333334,0.0,0.0,0.7750000000000004,3.5583333333333336,12,0,1,mudah,0.25
Statistika,Akuntansi,3.4583333333333335,0.5333570070503406,3.7,0.5833333333333334,0.16666666666666666,0.0,1.0,3.4583333333333335,12,4,2,medium,0.5
Statistika,Biologi,3.75,0.3070597894314954,3.85,0.75,0.0,0.0,0.3999999999999999,3.75,8,1,0,sangat_mudah,0.0
Statistika,Manajemen,3.3428571428571425,0.5996335877520869,3.5,0.5,0.21428571428571427,0.0,0.7000000000000002,3.3428571428571425,14,4,2,medium,0.5
Statistika,Sistem Informasi,3.688888888888889,0.44574971728259843,4.0,0.7222222222222222,0.1111111111111111,0.0,0.6000000000000001,3.688888888888889,18,0,1,mudah,0.25
Statistika,Teknik Elektro,3.5055555555555555,0.5207146923697019,3.7,0.6111111111111112,0.05555555555555555,0.0,0.625,3.5055555555555555,18,0,1,mudah,0.25
Statistika,Teknik Informatika,3.3846153846153846,0.5639830875805791,3.3,0.46153846153846156,0.15384615384615385,0.0,1.0,3.3846153846153846,13,4,2,medium,0.5
Statistika,Teknik Mesin,3.606666666666667,0.5799835794063074,4.0,0.7333333333333333,0.2,0.0,0.5,3.606666666666667,15,0,1,mudah,0.25
Statistika,Teknik Sipil,3.5545454545454547,0.476158873410202,3.7,0.6363636363636364,0.09090909090909091,0.0,0.8500000000000001,3.5545454545454547,11,0,1,mudah,0.25
Statistika Inferensial,Akuntansi,2.8636363636363638,0.44558439665842714,2.7,0.0,0.5454545454545454,0.0,0.7999999999999998,2.8636363636363638,11,2,4,sangat_sulit,1.0
Statistika Inferensial,Biologi,3.05,0.552914356581818,3.0,0.25,0.375,0.0,0.47499999999999964,3.05,8,2,4,sangat_sulit,1.0
Statistika Inferensial,Manajemen,3.215384615384615,0.5382783571197989,3.3,0.38461538461538464,0.38461538461538464,0.0,1.0,3.215384615384615,13,2,4,sangat_sulit,1.0
Statistika Inferensial,Sistem Informasi,3.1761904761904765,0.6449067854386106,3.3,0.38095238095238093,0.3333333333333333,0.0,1.0,3.1761904761904765,21,2,4,sangat_sulit,1.0
Statistika Inferensial,Teknik Elektro,3.263157894736842,0.7952711112261512,3.3,0.47368421052631576,0.21052631578947367,0.0,1.0,3.263157894736842,19,4,2,medium,0.5
Statistika Inferensial,Teknik Informatika,3.44,0.5966573556070519,3.7,0.6,0.2,0.0,0.8499999999999996,3.44,10,4,2,medium,0.5
Statistika Inferensial,Teknik Mesin,3.2857142857142856,0.5390263913292656,3.3,0.35714285714285715,0.21428571428571427,0.0,0.7000000000000002,3.2857142857142856,14,3,3,sulit,0.75
Statistika Inferensial,Teknik Sipil,3.2857142857142856,0.9299257522845061,3.7,0.5714285714285714,0.2857142857142857,0.0,1.2000000000000002,3.2857142857142856,7,4,2,medium,0.5
Struktur Data,Sistem Informasi,3.22,0.7783924054370683,3.3,0.45,0.3,0.0,1.0750000000000002,3.22,20,2,4,sangat_sulit,1.0
Struktur Data,Teknik Informatika,3.17,0.46916000587338114,3.0,0.2,0.2,0.0,0.22499999999999964,3.17,10,3,3,sulit,0.75
